Avg $House^{size}\uparrow$,Var $House^{size}\downarrow$,Rop $\downarrow$,Avg WT $\downarrow$,gini coefficient $\downarrow$,SW $\uparrow$,m,entry,sort,k,c,rqueue,ex_name,finished_replace
15.969000933706816,224.3415712323428,285.0,2.3380018674136323,0.4189361802390623,414.56666666666666,3,p^{select},FIFO,3,3,r^{size},ver2_nofilter_multilist(2.1_k3)_housetype_priority_8t_6h(step_num(t1_h1))_p#housetype_choose3,True
11.106839869281046,175.85107964810538,270.0,5.019607843137255,0.5406155072216271,378.9,3,p^{family},FIFO,2,3,r^{rent},optimized_task_config_207,True
10.879192810457514,159.23840477818356,224.0,3.313725490196078,0.5243870967741935,387.5,3,p^{family},VFA,1,2,r^{rent},optimized_task_config_181,True
27.97652777777777,141.97207000385805,3.0,1.5,0.0488936473947181,93.4,3,p^{select},VFA,2,2,r^{size},optimized_task_config_53,True
25.48625,127.0248412847222,4.0,1.1,0.0691884456671251,145.39999999999998,3,p^{select},FIFO,3,5,r^{size},optimized_task_config_302,True
19.4415,153.7821842222222,77.0,1.8,0.2073827160493828,324.0,3,p^{select},FIFO,3,5,r^{size},optimized_task_config_307,True
30.14166666666667,173.85773111111112,3.0,1.0,0.1157593123209168,69.80000000000001,3,p^{select},VFA,2,2,r^{size},optimized_task_config_102,True
11.47061274509804,159.34441656254003,251.5,3.588235294117647,0.5051800237875927,410.00000000000006,3,p^{family},VFA,2,2,r^{rent},ver1_nofilter_multilist(1.2)_portion3(f_member_num)_priority_8t_6h_p#portion_rent_money,True
12.133885620915033,181.152571416656,242.0,1.803921568627451,0.4948899763640599,412.3,3,p^{select},VFA,3,3,r^{size},optimized_task_config_212,True
13.675392156862744,223.58709134948097,327.0,3.4705882352941178,0.4897216579843118,425.7,3,p^{select},FIFO,2,5,r^{size},ver2_nofilter_multilist(2.1_k2)_housetype_priority_8t_6h(step_num(t1_h1))_p#housetype_choose5,True
11.30361111111111,163.74938979612543,246.5,3.8627450980392153,0.5214428797244559,402.7000000000001,3,p^{rent},VFA,2,2,r^{rent},ver1_nofilter_multilist(1.2)_portion3(f_rent_money_budget)_priority_8t_6h_p#portion_rent_money,True
12.827796241830066,192.26948993322344,250.5,2.0058823529411764,0.4881934247962756,411.75,3,p^{select},VFA,2,2,r^{size},batch_t10_h10,True
13.080712418300651,200.70143430945367,284.0,3.392156862745098,0.4830019653549064,429.0,3,p^{select},VFA,4,5,r^{size},optimized_task_config_52,True
12.694346405228757,209.77461728288264,322.0,4.676470588235294,0.5134099151243298,399.85,3,p^{random},FIFO,2,2,r^{random},ver1_nofilter_singlelist_5t_6h_p#singlelist,True
12.917222222222222,98.89776913580248,2.0,1.3333333333333333,0.3771331058020477,58.6,3,p^{select},FIFO,2,2,r^{size},optimized_task_config_210,True
12.761290849673202,192.0679900139904,315.0,3.1372549019607843,0.5030734329257387,416.6,3,p^{select},VFR,4,7,r^{size},optimized_task_config_78,True
25.25333333333333,96.11031388888888,3.0,1.6666666666666667,0.0674074074074073,90.0,3,p^{select},VFA,2,2,r^{size},optimized_task_config_91,True
25.7445,115.769396,1.0,1.0,0.110402219140083,72.1,3,p^{select},VFA,2,2,r^{size},optimized_task_config_110,True
12.694297385620915,186.5321789861805,275.0,5.509803921568627,0.4862180843560445,417.0,3,p^{select},FIFO,2,2,r^{size},optimized_task_config_24,True
6.359901960784314,164.3236522875817,230.5,5.578431372549019,0.787045567976532,173.0,3,p^{family},VFA,2,2,r^{size},ver1_nofilter_multilist(1.2)_multilist_priority_8t_6h_p#portion_housesize,True
11.862450980392156,162.93761630462643,258.5,3.2254901960784315,0.5086555023430948,409.85,3,p^{family},VFA,2,2,r^{size},ver1_nofilter_multilist(1.8)_portion3(f_member_num)_priority_8t_6h_p#portion_housesize,True
12.85290522875817,207.50712286738,281.0,3.294117647058824,0.480324414731344,419.7,3,p^{select},FIFO,2,2,r^{size},optimized_task_config_281,True
12.53138888888889,258.3952596450617,4.0,1.6666666666666667,0.5461538461538462,39.0,3,p^{select},FIFO,5,2,r^{random},optimized_task_config_138,True
25.59097222222222,107.11339650848764,10.0,1.4166666666666667,0.05036832412523,181.0,3,p^{select},VFA,2,2,r^{size},optimized_task_config_152,True
14.45673202614379,264.0888175338545,383.0,3.764705882352941,0.5347215727838566,377.4,3,p^{family},VFA,3,2,r^{size},optimized_task_config_168,True
12.390454248366014,169.09891671141443,265.0,2.0392156862745097,0.4871338251783172,416.2,3,p^{select},FIFO,3,4,r^{size},optimized_task_config_325,True
7.942843137254902,150.12635711264895,189.0,3.843137254901961,0.6790728637133867,259.2,3,p^{select},VFA,1,2,r^{size},optimized_task_config_175,True
17.0443,161.01786931555557,63.0,2.4,0.2842831732479545,281.1,3,p^{select},FIFO,3,5,r^{size},optimized_task_config_301,True
21.474,215.020864,3.0,1.4,0.2110344827586207,58.0,3,p^{select},VFA,2,3,r^{size},optimized_task_config_128,True
9.06246732026144,178.53700008063143,264.0,3.9607843137254894,0.6523550762068087,284.7,3,p^{select},VFA,4,4,r^{size},optimized_task_config_322,True
7.246307189542484,182.73354763766068,260.0,4.882352941176471,0.7658269128857363,192.4,3,p^{family},VFA,2,3,r^{size},optimized_task_config_170,True
13.337500000000002,209.537329003268,298.0,2.8823529411764706,0.4849793128260479,425.1,3,p^{select},FIFO,5,5,r^{size},optimized_task_config_65,True
11.469934640522876,171.6363864881029,335.0,3.647058823529412,0.5289195596271294,390.4,3,p^{rent},FIFO,3,5,r^{size},optimized_task_config_267,True
11.477859477124184,165.9368135962664,211.0,3.196078431372549,0.4973129294956032,416.3,3,p^{select},FIFO,3,2,r^{size},optimized_task_config_200,True
13.145718954248364,210.30951233713523,270.0,2.333333333333333,0.4865965483830198,418.9,3,p^{select},FIFO,3,2,r^{size},optimized_task_config_199,True
13.915416666666664,237.8641970729741,386.5,3.0098039215686274,0.5084520661552832,409.05,3,p^{select},VFA,2,3,r^{size},ver2_nofilter_multilist(1.5_k2)_housetype_priority_8t_6h(step_num(t1_h1))_p#housetype_choose3,True
16.605625,180.12617492187502,44.0,2.25,0.3414823529411763,212.5,3,p^{select},FIFO,2,5,r^{size},optimized_task_config_169,True
12.690490196078432,237.1319082019737,324.0,3.2745098039215685,0.5610785387539463,365.2,3,p^{family},FIFO,2,4,r^{size},optimized_task_config_289,True
24.378083333333333,112.44017417361113,4.0,1.2,0.0760381211708645,146.9,3,p^{select},FIFO,3,5,r^{size},optimized_task_config_305,True
7.157663398692811,138.66077291960363,191.0,4.774509803921569,0.7065092882145539,243.25,3,p^{select},VFA,2,2,r^{size},ver2_nofilter_multilist(1.2_k2)_housetype_priority_8t_6h(step_num(t1_h1))_p#portion_housesize,True
26.32183333333333,144.37541511111112,1.0,1.0,0.0866995073891625,81.19999999999999,3,p^{select},VFA,2,2,r^{size},optimized_task_config_100,True
12.719781045751636,179.69112442319187,256.0,5.019607843137255,0.490734551396316,422.4,3,p^{select},FIFO,2,2,r^{size},optimized_task_config_184,True
10.272450980392156,167.2042482955274,256.0,4.607843137254902,0.5599767738189325,364.7,2,p^{family},VFA,4,5,r^{random},optimized_task_config_314,True
11.942557189542484,188.77231668615707,280.0,6.617647058823529,0.5270691564239093,386.7000000000001,3,p^{random},FIFO,2,2,r^{random},ver1_nofilter_singlelist_1t_6h(step_num(t1_h1)_p#singlelist,True
29.43233333333333,144.76391511111112,1.0,1.6,0.0584856396866841,76.6,3,p^{select},FIFO,2,2,r^{size},optimized_task_config_105,True
13.422101307189545,217.61275573102228,301.0,2.372549019607843,0.4785015129647364,436.1,3,p^{select},FIFO,1,5,r^{size},optimized_task_config_275,True
12.415816993464054,174.5730026277287,262.0,2.3529411764705883,0.4893147205716505,413.8,3,p^{select},FIFO,2,3,r^{size},optimized_task_config_30,True
16.861329365079364,223.2576133948256,239.0,2.523809523809524,0.3773353165213079,422.6,3,p^{select},VFA,2,2,r^{size},optimized_task_config_189,True
11.20908496732026,225.35285883047115,306.0,2.6862745098039214,0.5873674344332009,338.9,3,p^{select},VFA,5,5,r^{size},optimized_task_config_118,True
13.127418300653597,204.3173160472468,277.0,3.117647058823529,0.4863649857924425,416.1,3,p^{select},FIFO,3,5,r^{size},optimized_task_config_31,True
27.107222222222223,137.55356913580246,2.0,1.0,0.0798226164079822,90.2,3,p^{select},VFA,2,2,r^{size},optimized_task_config_198,True
23.97083333333333,266.83529513888885,7.0,1.5,0.1897435897435897,78.0,3,p^{select},FIFO,2,3,r^{size},optimized_task_config_124,True
11.080486928104577,168.29323758479646,221.0,6.764705882352941,0.5278384529610338,385.1,3,p^{select},VFA,3,4,r^{size},optimized_task_config_146,True
28.482,167.700046,3.0,1.2,0.0987012987012987,77.0,3,p^{select},VFA,2,2,r^{size},optimized_task_config_57,True
12.079297385620915,207.53219766809767,321.0,3.882352941176471,0.547947509210063,373.1,4,p^{family},VFA,2,2,r^{rent},ver1_nofilter_multilist(1.2)_portion4(f_member_num)_priority_8t_6h_p#portion_rent_money,True
10.158169934640524,129.24736492428127,198.0,6.196078431372549,0.5155924738787816,390.9,3,p^{family},FIFO,3,3,r^{rent},optimized_task_config_286,True
20.59491666666667,118.96392006249998,4.0,1.8,0.1210834553440702,136.6,3,p^{select},FIFO,2,2,r^{size},optimized_task_config_131,True
11.39187908496732,155.65066429311372,222.0,3.725490196078432,0.5013671970028706,403.0,3,p^{select},FIFO,2,5,r^{size},optimized_task_config_32,True
12.576372549019608,173.72540421632706,263.0,3.411764705882353,0.4818442471328154,424.0,3,p^{select},VFA,3,5,r^{size},optimized_task_config_51,True
12.774281045751632,189.10880422059896,267.5,2.6764705882352944,0.4985335814508491,416.6,3,p^{select},VFA,2,2,r^{size},batch_t5_h20,True
4.557875816993465,127.21164684950234,128.0,7.0,0.835390765716294,133.9,3,p^{select},VFA,2,2,r^{random},optimized_task_config_123,True
11.0368954248366,133.23883973525136,224.0,3.6666666666666665,0.5138603747012209,395.4,3,p^{family},VFA,2,2,r^{size},ver1_nofilter_multilist(1.5)_portion3(f_member_num)_priority_8t_6h_p#portion_housesize,True
5.685686274509805,133.5526014353454,184.0,4.8431372549019605,0.7907798944014142,168.6,3,p^{select},VFA,2,4,r^{rent},optimized_task_config_145,True
13.045261437908495,199.0250574479901,284.0,2.627450980392157,0.4847285948475607,428.2,3,p^{select},FIFO,4,4,r^{size},optimized_task_config_277,True
13.030277777777776,203.2229751412384,306.0,3.107843137254902,0.4999989884042175,412.35,3,p^{select},FIFO,1,1,r^{size},ver2_nofilter_multilist(2.1_k1)_housetype_priority_8t_6h(step_num(t1_h1))_p#housetype_choose1,True
13.607982407407407,196.631674424844,217.0,2.102222222222222,0.4457555390768261,422.8,3,p^{select},VFA,2,2,r^{size},batch_t5_h10,True
5.416013071895424,131.3717700521167,197.0,6.686274509803922,0.8015805184992506,158.3,3,p^{select},FIFO,2,2,r^{size},optimized_task_config_208,True
12.243464052287583,179.21774693280358,231.0,3.588235294117647,0.4893654387438829,413.1,3,p^{select},VFA,2,5,r^{size},optimized_task_config_162,True
13.022549019607842,194.1274526528258,293.0,2.803921568627451,0.4877202237987476,423.7000000000001,3,p^{select},VFA,3,4,r^{size},optimized_task_config_182,True
26.611666666666668,280.64449777777776,4.0,1.6,0.291156462585034,58.8,3,p^{select},VFA,2,2,r^{size},optimized_task_config_58,True
13.820286114445778,216.1707755251637,333.0,2.7458983593437374,0.4903438588634709,409.8,3,p^{select},VFA,1,3,r^{size},ver2_nofilter_multilist(1.8_k1)_housetype_priority_8t_6h(step_num(t1_h1))_p#housetype_choose3,True
10.709232026143791,157.02884942383272,225.0,3.607843137254902,0.5534587168200613,367.5,3,p^{family},VFA,1,5,r^{rent},optimized_task_config_254,True
5.565228758169934,119.11243355333416,161.0,4.823529411764706,0.7589539848197343,198.4,3,p^{select},FIFO,2,3,r^{rent},optimized_task_config_211,True
26.45233333333333,166.44805511111113,2.0,1.6,0.0696569920844327,75.8,3,p^{select},FIFO,2,2,r^{size},optimized_task_config_115,True
12.457140522875816,194.10599913548205,234.0,3.4705882352941178,0.4939846490303787,418.7000000000001,3,p^{select},VFA,2,3,r^{size},optimized_task_config_147,True
14.712420634920631,173.65526996724617,136.0,1.6428571428571428,0.3934047213433925,410.9,3,p^{select},VFA,2,2,r^{size},optimized_task_config_309,True
7.3993464052287585,123.23145643555898,198.0,4.549019607843137,0.6657453432301302,263.9,3,p^{select},VFA,3,2,r^{size},optimized_task_config_174,True
12.337493464052288,211.1952420228332,308.0,3.686274509803922,0.5241399645157518,385.7,3,p^{select},FIFO,2,5,r^{size},optimized_task_config_34,True
12.952941176470588,249.091364007433,323.0,4.470588235294118,0.555578439293843,371.3,3,p^{family},VFA,2,2,r^{size},optimized_task_config_205,True
8.00109477124183,153.47033002424286,222.0,9.294117647058824,0.6628450480642032,266.79999999999995,3,p^{select},VFA,1,5,r^{size},optimized_task_config_155,True
12.336486928104572,213.99049475148445,292.5,4.235294117647059,0.5270331684954428,387.45,3,p^{random},FIFO,2,2,r^{random},ver1_nofilter_singlelist_5t_3h_p#singlelist,True
13.323627450980393,203.44913350527577,315.0,3.3529411764705883,0.4924654415637142,416.15,3,p^{select},VFA,1,3,r^{size},ver2_nofilter_multilist(1.2_k1)_housetype_priority_8t_6h(step_num(t1_h1))_p#housetype_choose3,True
13.406830065359475,218.92525699944457,334.0,2.9411764705882355,0.5036164526124081,414.5,3,p^{select},VFR,4,7,r^{size},optimized_task_config_79,True
9.417549019607842,181.14207661796743,259.0,7.529411764705882,0.6299515757720091,296.4,3,p^{select},VFA,1,3,r^{size},optimized_task_config_121,True
12.93950653594771,196.0326764662096,276.0,3.088235294117647,0.4854807640294225,422.7000000000001,3,p^{select},VFA,2,2,r^{size},batch_t10_h5,True
12.86063725490196,198.7197148036012,267.0,2.823529411764706,0.4812203314549038,423.8,3,p^{select},FIFO,2,3,r^{size},optimized_task_config_70,True
12.51547385620915,185.32039123787857,270.0,6.392156862745098,0.4971222785746731,418.7,3,p^{select},VFA,1,2,r^{size},optimized_task_config_204,True
28.20680555555556,148.09830102237652,1.0,1.1666666666666667,0.0857898715041571,88.2,3,p^{select},VFA,2,2,r^{size},optimized_task_config_134,True
10.85921568627451,157.65761046872996,221.0,4.196078431372549,0.5184295480921756,386.9,3,p^{family},FIFO,2,4,r^{rent},optimized_task_config_186,True
12.261511437908496,207.7588721880473,320.5,5.235294117647059,0.5305082377054798,393.8,3,p^{random},FIFO,2,2,r^{random},ver1_nofilter_singlelist_2t_6h(step_num(t3_h1))_p#singlelist,True
8.918039215686274,170.60029648212222,273.0,4.509803921568627,0.6480652198874728,290.3,3,p^{select},VFA,3,4,r^{size},optimized_task_config_326,True
6.4471895424836605,145.97772663291894,224.0,6.490196078431373,0.7635597682991047,189.9,3,p^{select},FIFO,3,2,r^{rent},optimized_task_config_214,True
13.037467320261438,190.8150194161433,291.0,1.803921568627451,0.4882588734621412,424.1,3,p^{select},VFR,1,1,r^{size},optimized_task_config_312,True
4.7095424836601305,104.7524288756461,95.0,5.0,0.7954383826069288,154.4,3,p^{select},VFA,2,2,r^{random},optimized_task_config_194,True
12.60906862745098,187.63597207644497,252.0,2.333333333333333,0.4929098706086119,423.4,3,p^{select},FIFO,4,5,r^{size},optimized_task_config_318,True
7.381764705882354,133.6898793476868,223.0,7.019607843137255,0.6912306786853761,253.2,3,p^{select},FIFO,2,2,r^{rent},optimized_task_config_137,True
11.914738562091502,182.25721104276133,243.0,2.92156862745098,0.5106660251012471,391.2,3,p^{select},VFA,2,4,r^{size},optimized_task_config_161,True
13.77626633986928,219.90300172022512,330.5,3.058823529411765,0.4885320514100111,423.9,3,p^{select},VFA,1,3,r^{size},ver2_nofilter_multilist(1.5_k1)_housetype_priority_8t_6h(step_num(t1_h1))_p#housetype_choose3,True
23.30388888888889,266.2881839506173,5.0,1.1666666666666667,0.2438180019782394,67.4,3,p^{select},FIFO,2,2,r^{size},optimized_task_config_120,True
11.95062091503268,190.0949454205647,288.0,2.9411764705882355,0.5211846280876632,394.2,3,p^{select},FIFO,5,4,r^{size},optimized_task_config_89,True
9.824395424836602,152.98821718623182,217.0,6.764705882352941,0.5630913155708687,351.7,3,p^{family},FIFO,1,5,r^{rent},optimized_task_config_287,True
20.559776666666664,149.5050209048,55.0,1.98,0.1719699534427105,328.2,3,p^{select},FIFO,2,5,r^{size},optimized_task_config_298,True
24.12858333333333,214.71704334027777,14.0,1.4,0.1691432903714935,131.9,3,p^{select},VFA,2,2,r^{size},optimized_task_config_86,True
13.275065359477123,196.09366415694817,321.0,5.764705882352941,0.4825886638808528,439.2,3,p^{family},VFA,1,2,r^{rent},optimized_task_config_1,True
27.94833333333333,130.33334444444444,2.0,1.0,0.0897269180754225,76.9,3,p^{select},VFA,2,2,r^{size},optimized_task_config_56,True
10.84796568627451,167.7014974286065,283.5,3.852941176470588,0.5532469075089733,371.1500000000001,3,p^{random},FIFO,2,2,r^{random},ver1_nofilter_singlelist_4t_6h(step_num(t2_h1))_p#singlelist,True
12.328496732026144,183.30146582297408,250.0,2.0,0.4852826376452219,427.0,3,p^{select},FIFO,1,5,r^{size},optimized_task_config_276,True
12.647908496732024,185.4447708707121,251.0,3.019607843137255,0.4931757245109697,420.5,3,p^{select},VFR,2,5,r^{size},optimized_task_config_330,True
13.836013071895424,260.23452408261784,364.0,3.92156862745098,0.540091451600403,379.5,3,p^{family},FIFO,2,3,r^{size},optimized_task_config_294,True
12.47200980392157,188.15142275006409,268.0,3.715686274509804,0.5122389842998238,402.2000000000001,2,p^{family},VFA,2,2,r^{size},ver1_nofilter_multilist(1.2)_portion2(f_member_num)_priority_8t_6h_p#portion_housesize,True
11.990130718954248,195.13068525033103,276.0,3.901960784313725,0.5183885475208041,389.8,3,p^{rent},VFA,2,2,r^{size},ver1_nofilter_multilist(1.2)_portion3(f_rent_money_budget)_priority_8t_6h_p#portion_housesize,True
15.84984268707483,222.20713718747345,271.5,2.0136054421768708,0.4226051677921943,421.8,3,p^{select},VFA,3,3,r^{size},ver2_nofilter_multilist(1.8_k3)_housetype_priority_8t_6h(step_num(t1_h1))_p#housetype_choose3,True
11.8123431372549,183.8889321616685,290.0,3.431372549019608,0.5121580547112462,394.8,3,p^{random},VFA,2,3,r^{random},optimized_task_config_144,True
12.772042483660131,186.92501305320604,255.0,2.372549019607843,0.4879141708302279,426.2,3,p^{select},VFR,2,4,r^{size},optimized_task_config_82,True
12.47263071895425,206.6105770798624,290.0,3.980392156862745,0.4969477446150874,406.0,3,p^{random},VFA,2,2,r^{random},optimized_task_config_173,True
14.135915032679735,228.6332793370071,366.0,3.372549019607843,0.4950137886188124,413.1,3,p^{select},VFA,2,2,r^{size},ver2_nofilter_multilist(1.5_k2)_housetype_priority_8t_6h(step_num(t1_h1))_p#housetype_choose2,True
18.002369791666666,181.98252695787207,124.0,2.375,0.2896684377587637,362.3,3,p^{select},VFA,2,6,r^{size},optimized_task_config_304,True
12.113684640522877,190.76066770659787,270.0,3.519607843137255,0.5232037186773736,391.6,1,p^{family},VFA,2,2,r^{size},ver1_nofilter_multilist(1.2)_portion1(f_member_num)_priority_8t_6h_p#portion_housesize,True
13.68794534480459,211.75012146194052,298.0,2.23609443777511,0.4781357533594154,427.1,3,p^{select},VFR,2,2,r^{size},ver2_nofilter_multilist(1.2_k2)_housetype_housing_points_8t_6h(step_num(t1_h1))_p#housetype_choose2,True
23.84805555555556,254.81371334876545,4.0,1.1666666666666667,0.2528089887640449,71.2,3,p^{select},VFA,2,2,r^{size},optimized_task_config_132,True
16.77310185185185,215.3618502814783,212.66666666666663,1.7777777777777777,0.3808908695612147,417.7,3,p^{select},FIFO,2,2,r^{size},ver2_nofilter_multilist(2.1_k2)_housetype_priority_8t_6h(step_num(t1_h1))_p#housetype_choose2,True
12.65390522875817,180.04439483905762,286.0,3.411764705882353,0.5059399813888454,415.1,3,p^{select},VFA,2,4,r^{size},optimized_task_config_74,True
18.90419047619048,174.84744255895694,111.0,1.7142857142857142,0.2548633291866993,424.9,3,p^{select},VFA,2,4,r^{size},optimized_task_config_77,True
8.646503267973857,182.92913858985847,268.0,4.470588235294118,0.6647985525793213,266.6,3,p^{select},FIFO,2,2,r^{size},optimized_task_config_282,True
13.064232026143792,195.6944866242684,313.0,3.333333333333333,0.4828129927467676,422.8,3,p^{select},FIFO,2,4,r^{size},optimized_task_config_80,True
13.317990196078432,227.4530795933188,371.5,3.8333333333333335,0.5227360045287216,399.0,3,p^{select},VFA,3,3,r^{size},ver2_nofilter_multilist(1.2_k3)_housetype_priority_8t_6h(step_num(t1_h1))_p#housetype_choose3,True
12.879705882352942,199.80370040369093,287.0,2.2745098039215685,0.4816142270861834,430.0,3,p^{select},VFA,2,3,r^{size},optimized_task_config_187,True
12.240434640522876,183.88244687481304,241.0,3.3529411764705883,0.4893667861409797,418.5,3,p^{select},FIFO,2,3,r^{size},optimized_task_config_268,True
11.905098039215687,204.4240543434149,296.0,3.735294117647059,0.5337230953327323,385.25,3,p^{random},FIFO,2,2,r^{random},ver1_nofilter_singlelist_8t_6h_p#singlelist,True
20.753888888888888,172.7942672839506,0.0,2.1666666666666665,0.2470930232558139,68.8,3,p^{select},VFA,2,2,r^{size},optimized_task_config_117,True
7.1429575163398695,160.39164811824514,205.0,5.137254901960784,0.7337701508393515,210.2,3,p^{family},VFA,2,2,r^{rent},ver1_nofilter_multilist(1.2)_multilist_priority_8t_6h_p#portion_rentmoney,True
12.607712418300654,187.07504500299032,288.5,2.372549019607843,0.4927512881863591,417.95,3,p^{select},VFA,2,2,r^{size},batch_t10_h20,True
12.6094,179.87622614583336,241.5,2.5,0.4656442536484728,431.25,3,p^{select},VFA,2,2,r^{size},batch_t5_h5,True
20.907,223.518996,3.0,1.4,0.248135593220339,59.0,3,p^{select},VFA,2,2,r^{size},optimized_task_config_59,True
14.803398692810458,277.73835435302664,408.0,4.882352941176471,0.5174163203123845,397.7,3,p^{family},VFR,3,4,r^{size},optimized_task_config_317,True
27.979166666666668,153.62300347222222,5.0,1.0,0.0625909752547306,91.6,3,p^{select},VFA,2,2,r^{size},optimized_task_config_154,True
12.830993464052288,187.25166773089416,295.0,4.450980392156863,0.4748840396373602,446.4,3,p^{select},FIFO,2,5,r^{size},optimized_task_config_261,True
29.312666666666665,145.95497844444446,0.0,1.0,0.1024657534246575,73.0,3,p^{select},FIFO,2,3,r^{size},optimized_task_config_133,True
13.109313725490196,205.0949969691144,269.0,6.078431372549019,0.4827383945031005,421.2,3,p^{select},VFA,3,2,r^{size},optimized_task_config_166,True
20.641250000000003,172.2234244791667,3.0,1.1666666666666667,0.2013536379018612,78.8,3,p^{select},VFR,4,2,r^{size},optimized_task_config_229,True
15.7635625,176.64857350651044,128.0,2.2,0.3459801633605599,428.5,3,p^{select},FIFO,2,5,r^{size},optimized_task_config_106,True
13.889183006535948,209.43232956127983,342.0,2.9411764705882355,0.4874805874179222,431.8,3,p^{select},FIFO,3,5,r^{size},ver2_nofilter_multilist(2.1_k3)_housetype_priority_8t_6h(step_num(t1_h1))_p#housetype_choose5_no_memory,True
11.923692810457515,226.15995057883725,290.0,4.176470588235294,0.5849789088212116,338.4,3,p^{family},VFA,2,3,r^{size},optimized_task_config_172,True
6.921241830065359,215.59813965034817,289.5,5.627450980392156,0.8135584982596096,154.8,3,p^{family},VFA,2,2,r^{random},ver1_nofilter_multilist(1.2)_multilist_priority_8t_6h_p#random_avg,True
12.054274509803925,170.50147771113677,256.0,5.921568627450981,0.4814519162835935,427.4,3,p^{select},FIFO,2,2,r^{size},optimized_task_config_23,True
14.444607843137254,263.3414989747533,387.0,5.96078431372549,0.5226595601335469,392.9,3,p^{family},FIFO,2,2,r^{size},optimized_task_config_280,True
14.6859477124183,268.24880939595886,400.0,3.588235294117647,0.5138250422120068,401.8,3,p^{family},VFR,2,2,r^{size},ver1_nofilter_multilist(1.2)_multilist_housing_points_8t_6h_p#housetype,True
11.3085,207.53190025000004,18.0,2.6,0.6161290322580646,62.0,3,p^{select},VFA,5,2,r^{random},optimized_task_config_188,True
17.7197,206.77671582666665,88.0,2.44,0.3387273428461241,259.3,3,p^{select},FIFO,2,5,r^{size},optimized_task_config_300,True
2.5249836601307187,55.67131046606005,73.5,6.0588235294117645,0.8925406444034003,83.75,3,p^{select},VFA,2,2,r^{random},ver2_nofilter_multilist(1.2_k2)_housetype_priority_8t_6h(step_num(t1_h1))_p#random_avg,True
12.581928104575162,181.20535788372,254.0,2.0588235294117645,0.4821507796027205,428.7,3,p^{select},FIFO,5,4,r^{size},optimized_task_config_88,True
11.34766339869281,172.47916100271257,310.0,7.627450980392157,0.5428797781738959,376.2000000000001,3,p^{random},FIFO,2,3,r^{random},optimized_task_config_160,True
12.84315359477124,199.0029724213977,277.0,2.1372549019607843,0.4905329512365077,424.9,3,p^{select},VFR,1,1,r^{size},optimized_task_config_311,True
16.823988095238096,211.3174923126889,244.0,1.7857142857142858,0.3736289776574137,422.0,3,p^{select},FIFO,4,4,r^{size},ver2_nofilter_multilist(2.1_k4)_housetype_priority_8t_6h(step_num(t1_h1))_p#housetype_choose4_no_memory,True
12.329820261437913,175.09521218174632,252.0,2.411764705882353,0.4920481350434911,425.6,3,p^{select},FIFO,1,4,r^{size},optimized_task_config_103,True
13.58408496732026,254.4699300995344,350.0,3.549019607843137,0.5424092897280638,377.9,3,p^{family},FIFO,1,5,r^{size},optimized_task_config_291,True
3.5538235294117646,84.26382018454443,126.0,6.15686274509804,0.8535082096543563,119.3,3,p^{select},VFA,2,2,r^{random},optimized_task_config_209,True
12.213676470588236,201.5404354078559,318.0,3.411764705882353,0.5416910099115444,382.6,3,p^{random},VFA,1,7,r^{random},optimized_task_config_242,True
8.141699346405229,174.75381007518473,215.0,4.0,0.6850461040879476,252.2,3,p^{select},FIFO,3,5,r^{size},optimized_task_config_36,True
11.978218954248364,169.7870101857192,215.0,2.4901960784313726,0.4981596734256843,410.2,3,p^{select},VFA,3,2,r^{size},optimized_task_config_178,True
13.51096405228758,252.60129779037973,354.0,3.715686274509804,0.5461839458697144,371.7000000000001,3,p^{family},FIFO,2,2,r^{size},ver1_nofilter_multilist(1.2)_multilist_nopriority_8t_6h_p#housetype,True
15.846333333333334,170.96119471527777,129.0,1.35,0.3478038936372269,421.2,3,p^{select},VFR,2,4,r^{size},optimized_task_config_328,True
13.713265306122448,201.53028108282427,269.5,2.193877551020408,0.4701494957334692,420.3,3,p^{select},VFA,2,3,r^{size},ver2_nofilter_multilist(1.2_k2)_housetype_priority_8t_6h(step_num(t1_h1))_p#housetype_choose3,True
11.911388888888888,184.3243333787219,257.0,3.431372549019608,0.5083107199433348,409.7000000000001,3,p^{select},FIFO,2,3,r^{size},optimized_task_config_69,True
4.973790849673203,120.49090349438248,172.0,8.294117647058824,0.81390255098695,149.5,3,p^{family},FIFO,3,2,r^{random},optimized_task_config_213,True
15.487583333333331,267.9581083958334,10.0,2.3,0.4484184914841849,82.2,3,p^{select},VFA,1,2,r^{rent},optimized_task_config_201,True
11.57857843137255,174.26433848840188,210.0,3.333333333333333,0.5100565999595714,388.0,3,p^{select},FIFO,5,5,r^{size},optimized_task_config_171,True
21.278,162.61889655555555,4.0,1.6,0.1437410071942446,139.0,3,p^{select},FIFO,2,2,r^{size},optimized_task_config_130,True
24.77,250.565,6.0,1.5,0.2029659141212927,75.3,3,p^{select},FIFO,2,3,r^{size},optimized_task_config_116,True
10.824027777777776,226.7425354396279,366.5,4.637254901960784,0.6225812103054236,313.15,3,p^{family},VFA,2,2,r^{random},ver1_nofilter_multilist(1.2)_portion3(f_member_num)_priority_8t_6h_p#random_avg,True
26.193666666666665,102.5555271111111,0.0,1.0,0.1404934687953557,68.9,3,p^{select},VFA,2,2,r^{size},optimized_task_config_55,True
8.03890522875817,142.60832800899226,191.0,3.294117647058824,0.6525710970061067,277.1,3,p^{select},FIFO,5,2,r^{size},optimized_task_config_165,True
12.08372549019608,171.81574603357677,225.0,2.294117647058824,0.489513171680886,419.2000000000001,3,p^{select},FIFO,2,4,r^{size},optimized_task_config_260,True
15.375774976657327,209.82449999756443,264.0,2.402894491129785,0.4299447074385862,417.4666666666667,3,p^{select},FIFO,5,5,r^{size},ver2_nofilter_multilist(2.1_k5)_housetype_priority_8t_6h(step_num(t1_h1))_p#housetype_choose5,True
12.736200980392155,192.0363016275792,264.0,4.686274509803922,0.4859801271309106,419.25,3,p^{select},VFA,2,2,r^{size},batch_t20_h5,True
12.531241830065358,181.621061638686,250.0,2.3529411764705883,0.4952533914589726,410.2000000000001,3,p^{select},VFA,2,2,r^{size},optimized_task_config_159,True
13.034754901960785,214.64401602108168,259.0,2.392156862745098,0.4962041595884561,408.6,3,p^{select},VFA,2,2,r^{size},optimized_task_config_202,True
15.218310657596373,207.09432113228604,245.5,1.9659863945578229,0.4182009370178884,425.5,3,p^{select},FIFO,2,2,r^{size},ver2_nofilter_multilist(1.2_k2)_housetype_nopriority_8t_6h(step_num(t1_h1))_p#housetype_choose2,True
27.86805555555556,147.45727463348766,4.0,1.6666666666666663,0.1113178530753774,88.39999999999999,3,p^{select},VFA,2,2,r^{size},optimized_task_config_90,True
13.24169934640523,203.5495659303046,313.0,3.392156862745098,0.4839396284829722,425.6,3,p^{select},FIFO,1,4,r^{size},optimized_task_config_99,True
11.585751633986929,162.68288954942545,249.0,3.1372549019607843,0.4985328596633899,412.3,3,p^{family},VFA,2,2,r^{rent},optimized_task_config_163,True
13.813325163398694,229.13056082409545,327.0,3.0588235294117645,0.4891387655412245,419.85,3,p^{select},VFA,2,2,r^{size},ver2_nofilter_multilist(1.2_k2)_housetype_priority_8t_6h(step_num(t1_h1))_p#housetype_choose2,True
15.183692810457517,273.8709266136956,396.0,2.9607843137254903,0.504125280164136,403.3,3,p^{family},VFR,3,4,r^{size},optimized_task_config_315,True
11.683202614379086,163.74523407877314,207.0,2.07843137254902,0.4825753129190346,410.9,3,p^{select},VFA,2,2,r^{size},optimized_task_config_190,True
12.17057189542484,210.84629462813444,306.0,5.15686274509804,0.5321957016093389,385.5,3,p^{random},FIFO,2,2,r^{random},ver1_nofilter_singlelist_5t_3h(step_num(t1_h3))_p#singlelist,True
15.342572278911565,210.6148597267897,240.5,1.923469387755102,0.425652486718584,421.3,3,p^{select},VFA,2,3,r^{size},ver2_nofilter_multilist(1.8_k2)_housetype_priority_8t_6h(step_num(t1_h1))_p#housetype_choose3,True
27.05027777777778,167.53133371913577,5.0,1.5,0.0617005267118133,88.6,3,p^{rent},FIFO,2,3,r^{rent},optimized_task_config_256,True
27.47986111111111,138.94990981867284,1.0,1.3333333333333333,0.0867724867724867,94.5,3,p^{select},FIFO,2,2,r^{size},optimized_task_config_113,True
5.958071895424837,148.11418849374172,236.0,4.0,0.8001350601741312,162.60000000000002,3,p^{select},VFA,2,2,r^{random},optimized_task_config_156,True
7.709787581699346,179.57756516457349,244.0,4.607843137254902,0.7270391100785017,222.8,3,p^{select},VFA,2,3,r^{rent},optimized_task_config_129,True
12.196405228758172,200.5613417617156,278.0,3.07843137254902,0.5083836351441986,397.6,3,p^{select},FIFO,5,5,r^{size},optimized_task_config_66,True
12.055506535947712,184.3076818921141,281.0,3.07843137254902,0.5094121564709799,400.4,3,p^{select},VFA,2,4,r^{size},optimized_task_config_76,True
15.824960317460317,205.30804847726128,199.0,2.261904761904762,0.3768629589240275,419.2,3,p^{select},VFA,2,2,r^{size},optimized_task_config_35,True
13.7988875,213.10222190748263,206.0,3.05,0.4609068268385585,341.29999999999995,3,p^{select},VFA,2,6,r^{size},optimized_task_config_303,True
16.73434523809524,213.25129760369427,206.0,1.738095238095238,0.3733692680259355,426.7000000000001,3,p^{select},VFA,2,3,r^{size},ver2_nofilter_multilist(2.1_k2)_housetype_priority_8t_6h(step_num(t1_h1))_p#housetype_choose3,True
20.38025,125.97851028472223,6.0,1.5,0.1591381872213968,134.6,3,p^{select},VFA,2,2,r^{size},optimized_task_config_63,True
12.012941176470587,168.4720901512239,227.0,2.411764705882353,0.485935528331494,421.1,3,p^{select},FIFO,2,5,r^{size},optimized_task_config_295,True
19.209722222222226,199.5077466820988,15.0,1.9166666666666667,0.3047008547008547,136.5,3,p^{select},VFA,2,2,r^{size},optimized_task_config_149,True
6.236960784313725,127.14986314878894,151.0,6.176470588235294,0.7256269552284733,229.4,3,p^{select},VFA,2,2,r^{size},optimized_task_config_158,True
25.41520833333333,171.83469019791664,8.0,1.45,0.1087587211492576,104.9,3,p^{select},VFA,2,2,r^{size},optimized_task_config_87,True
11.440347222222222,184.1554416618441,60.0,3.0416666666666665,0.5218974650018917,176.2,3,p^{select},FIFO,2,3,r^{rent},optimized_task_config_196,True
13.093366013071895,195.9860089858601,299.0,3.1372549019607843,0.4863113320445549,426.0,3,p^{select},FIFO,2,3,r^{size},optimized_task_config_68,True
2.4905555555555554,58.36094680464779,60.0,4.647058823529412,0.8856173119744039,90.7,3,p^{select},VFA,3,2,r^{random},optimized_task_config_191,True
24.892000000000003,280.190606,3.0,1.4,0.231111111111111,63.0,3,p^{select},FIFO,2,2,r^{size},optimized_task_config_101,True
12.840130718954248,183.5140192367252,275.0,2.176470588235294,0.4917578493272003,411.8,3,p^{select},VFA,3,3,r^{size},optimized_task_config_319,True
12.39343137254902,191.19888840723647,299.5,4.588235294117647,0.5117504770608343,399.1,3,p^{random},FIFO,2,2,r^{random},ver1_nofilter_singlelist_5t_3h(step_num(t1_h2))_p#singlelist,True
19.41208333333333,141.12250086805557,2.0,2.5,0.2357274401473297,72.4,3,p^{select},VFA,2,2,r^{size},optimized_task_config_235,True
16.214285714285715,202.63154477710063,193.5,1.880952380952381,0.3741454757266167,425.05,3,p^{select},FIFO,3,5,r^{size},ver2_nofilter_multilist(2.1_k3)_housetype_priority_8t_6h(step_num(t1_h1))_p#housetype_choose5,True
7.128218954248365,141.42167054284675,185.0,4.764705882352941,0.7050470136510523,244.55,3,p^{select},VFA,2,2,r^{rent},ver2_nofilter_multilist(1.2_k2)_housetype_priority_8t_6h(step_num(t1_h1))_p#portion_rentmoney,True
15.12485994397759,209.5125372484152,253.5,2.1183473389355743,0.4308512680453452,419.75,3,p^{select},VFA,2,2,r^{size},ver2_nofilter_multilist(1.8_k2)_housetype_priority_8t_6h(step_num(t1_h1))_p#housetype_choose2,True
10.326916666666667,94.71474472916664,6.0,2.3,0.4300337457817773,88.9,3,p^{select},VFA,2,2,r^{size},optimized_task_config_109,True
12.676666666666666,201.3203163398693,292.0,3.215686274509804,0.4975091239609785,423.9,1,p^{family},VFA,2,2,r^{rent},optimized_task_config_255,True
5.015408496732027,133.00783889903457,177.0,4.725490196078432,0.815964286191641,146.7,3,p^{select},FIFO,2,2,r^{random},optimized_task_config_203,True
10.609473856209153,162.13528038820542,242.0,4.529411764705882,0.552305361752971,367.6,3,p^{family},FIFO,2,3,r^{rent},optimized_task_config_296,True
12.841666666666663,198.13375106209145,264.0,4.509803921568627,0.4799191505267675,424.9,3,p^{select},FIFO,5,2,r^{size},optimized_task_config_114,True
16.916875,267.977618359375,10.0,1.0,0.4163385826771654,76.2,3,p^{select},FIFO,1,1,r^{size},optimized_task_config_306,True
28.592,164.257906,2.0,1.0,0.0763819095477387,79.6,3,p^{select},VFA,2,2,r^{size},optimized_task_config_111,True
12.826192810457515,192.2666592117348,296.0,2.9607843137254903,0.4938091565589287,419.5,3,p^{select},FIFO,1,4,r^{size},optimized_task_config_104,True
9.11016339869281,194.22223336110045,242.0,3.862745098039216,0.6488843813387424,290.0,3,p^{select},FIFO,4,4,r^{size},optimized_task_config_324,True
11.608619281045751,175.18018613380536,261.5,5.352941176470589,0.5161985663991788,397.75,3,p^{random},FIFO,2,2,r^{random},ver1_nofilter_singlelist_4t_6h(step_num(t1_h1))_p#singlelist,True
13.24671568627451,206.30871063212868,294.0,2.7058823529411766,0.4821719457013574,422.5,3,p^{select},VFA,1,5,r^{size},optimized_task_config_136,True
25.911250000000003,158.5363365625,9.0,1.8,0.0711686494051784,142.9,3,p^{select},FIFO,2,2,r^{size},optimized_task_config_195,True
5.025163398692811,138.13080623691744,219.0,7.274509803921568,0.8310818513451892,137.6,3,p^{select},VFA,2,2,r^{rent},optimized_task_config_206,True
11.999883986928106,167.77848524691362,241.5,2.656862745098039,0.4979866420977031,404.35,3,p^{select},VFA,2,2,r^{size},batch_t20_h10,True
12.15156862745098,220.11289670479303,346.5,4.352941176470588,0.5485941203631647,372.7000000000001,3,p^{random},FIFO,2,2,r^{random},ver1_nofilter_singlelist_2t_6h(step_num(t5_h1))_p#singlelist,True
9.983692810457516,117.84739782829256,217.0,6.450980392156863,0.536324918214925,381.2,5,p^{family},VFR,2,5,r^{rent},optimized_task_config_290,True
13.233545751633988,205.43997262644712,355.0,5.0588235294117645,0.5055052605823344,408.7,3,p^{select},VFA,4,3,r^{size},optimized_task_config_153,True
3.937483660130719,118.26435908197703,146.0,5.450980392156863,0.8712767549767999,104.8,3,p^{select},VFA,3,2,r^{random},optimized_task_config_179,True
12.05799019607843,171.05713878476226,222.0,3.7450980392156863,0.501029327393608,406.7000000000001,3,p^{select},FIFO,4,5,r^{size},optimized_task_config_331,True
12.618611111111113,189.41806818264345,281.0,2.843137254901961,0.4942207229367255,418.5,3,p^{select},VFA,3,2,r^{size},optimized_task_config_180,True
15.67329365079365,203.28963511747293,189.0,2.333333333333333,0.3702621622226699,425.4,3,p^{select},VFR,2,4,r^{size},optimized_task_config_83,True
13.104477124183008,203.7420987462088,273.0,1.6666666666666667,0.4920360829606144,415.6,3,p^{select},VFA,2,4,r^{size},optimized_task_config_75,True
5.909673202614378,163.32293115682,246.0,4.450980392156863,0.8094374799099968,152.5,3,p^{select},VFA,2,2,r^{rent},optimized_task_config_148,True
16.066011904761904,212.38873642644563,195.0,1.809523809523809,0.3722898260821249,428.5,3,p^{select},FIFO,4,5,r^{size},optimized_task_config_334,True
12.644084967320262,181.21294981631,258.0,3.07843137254902,0.4941083099906629,420.0,3,p^{select},FIFO,3,5,r^{size},optimized_task_config_27,True
13.193539215686274,216.7905581651288,289.0,2.0980392156862746,0.4925987694453081,416.2000000000001,3,p^{select},FIFO,5,2,r^{size},optimized_task_config_96,True
4.455816993464052,107.53308533470032,131.0,4.333333333333333,0.8239218489397189,139.89999999999998,3,p^{select},VFA,2,5,r^{random},optimized_task_config_164,True
8.20328431372549,136.09133737504806,186.0,3.764705882352941,0.636352617970265,291.2,3,p^{select},VFA,2,3,r^{size},optimized_task_config_167,True
11.682066993464057,159.90757031617113,254.5,3.754901960784314,0.5083691033173643,410.4000000000001,3,p^{family},VFA,2,2,r^{size},ver1_nofilter_multilist(1.2)_portion3(f_member_num)_priority_8t_6h_p#portion_housesize,True
17.784166666666664,216.48860347222225,4.0,1.5,0.3529741863075196,59.400000000000006,3,p^{select},FIFO,2,2,r^{size},optimized_task_config_107,True
13.32498366013072,225.7122110155282,333.0,3.215686274509804,0.5068588313568942,400.8,3,p^{select},VFA,2,2,r^{size},ver2_nofilter_multilist(1.2_k2)_housetype_priority_5t_3h(step_num(t2_h3))_p#housetype_choose2,True
20.82925,140.93976978472224,6.0,1.6,0.1669597069597068,136.5,3,p^{select},VFA,2,2,r^{size},optimized_task_config_85,True
12.32923202614379,191.1648571580375,253.0,3.2549019607843137,0.5118815738215816,407.7,3,p^{select},FIFO,2,2,r^{size},optimized_task_config_26,True
29.0925,151.11363125000003,4.0,1.3333333333333333,0.0490636704119851,89.0,3,p^{select},VFA,2,3,r^{size},optimized_task_config_151,True
12.051323529411764,180.9829417259387,269.0,3.843137254901961,0.4955745345380298,404.3,3,p^{select},FIFO,2,5,r^{size},optimized_task_config_299,True
10.185751633986929,168.27013050803106,256.0,5.666666666666667,0.5774191183519712,347.70000000000005,5,p^{family},VFR,2,5,r^{rent},optimized_task_config_288,True
25.258,144.2438882222222,8.0,1.3,0.0815447710184549,146.29999999999998,3,p^{select},FIFO,2,2,r^{size},optimized_task_config_97,True
20.827222222222225,288.71769413580245,6.0,1.5,0.4085648148148147,57.6,3,p^{select},VFA,2,2,r^{rent},optimized_task_config_193,True
16.902450396825397,225.5433584335239,232.0,1.880952380952381,0.37546784274715,425.8,3,p^{select},VFA,3,3,r^{size},ver2_nofilter_multilist(1.5_k3)_housetype_priority_8t_6h(step_num(t1_h1))_p#housetype_choose3,True
11.833962418300652,174.1607296614016,263.0,3.8627450980392153,0.5203367047135372,401.4000000000001,4,p^{family},VFA,2,2,r^{size},ver1_nofilter_multilist(1.2)_portion4(f_member_num)_priority_8t_6h_p#portion_housesize,True
12.314411764705884,183.3387812443932,225.0,2.588235294117647,0.4859376182905595,414.4,3,p^{select},FIFO,3,5,r^{size},optimized_task_config_28,True
11.992826797385622,165.69143123851936,209.0,1.9215686274509804,0.4857343588901359,429.8,3,p^{select},VFA,2,2,r^{size},optimized_task_config_127,True
25.069,284.239344,3.0,1.4,0.2315068493150684,58.4,3,p^{select},FIFO,2,2,r^{size},optimized_task_config_125,True
11.735996732026145,237.54148839922672,415.0,5.235294117647059,0.5917177681883565,336.7,3,p^{random},FIFO,5,5,r^{random},optimized_task_config_316,True
13.728545751633987,230.08705561509464,348.0,4.029411764705882,0.4982363588848879,414.2,3,p^{random},FIFO,2,2,r^{random},ver1_nofilter_singlelist_5t_1h_p#singlelist,True
12.271519607843135,187.4114689462386,279.0,3.862745098039216,0.5129124203257343,387.3,3,p^{select},VFA,2,5,r^{size},optimized_task_config_176,True
7.211356209150328,139.7692597756205,185.0,6.0,0.6882046568627451,256.0,3,p^{select},FIFO,2,4,r^{size},optimized_task_config_192,True
12.84535947712418,196.1718480733905,324.0,3.294117647058824,0.4960289684650634,420.2,1,p^{family},VFA,1,3,r^{random},optimized_task_config_0,True
10.020351307189545,185.2972725060341,300.0,4.392156862745098,0.6128411672518174,313.25,3,p^{rent},VFA,2,2,r^{random},ver1_nofilter_multilist(1.2)_portion3(f_rent_money_budget)_priority_8t_6h_p#random_avg,True
14.745846171802054,221.4878561109112,264.5,2.6582633053221287,0.4466576963763318,409.0,3,p^{select},FIFO,4,5,r^{size},ver2_nofilter_multilist(2.1_k4)_housetype_priority_8t_6h(step_num(t1_h1))_p#housetype_choose5,True
16.733670634920635,222.2726090297461,242.0,1.7857142857142858,0.3805607582723196,419.5,3,p^{select},VFA,2,3,r^{size},ver2_nofilter_multilist(2.4_k2)_housetype_priority_8t_6h(step_num(t1_h1))_p#housetype_choose3,True
12.440470588235296,182.9326144495708,265.0,1.7450980392156863,0.4876777665750499,425.9,3,p^{select},FIFO,2,2,r^{size},optimized_task_config_272,True
13.648692810457517,247.4086272400572,335.0,2.0392156862745097,0.4905120341975653,422.0,3,p^{select},VFA,1,3,r^{size},optimized_task_config_126,True
14.423267973856207,266.896908710325,372.0,3.882352941176471,0.5321880512309226,383.5,3,p^{family},VFR,2,4,r^{size},optimized_task_config_293,True
14.347916666666665,132.37231336805556,3.0,1.5,0.3782802903405917,59.7,3,p^{select},VFA,2,2,r^{size},optimized_task_config_54,True
11.055359477124185,163.19671223461063,275.0,4.588235294117647,0.5392105017575511,378.2,2,p^{family},VFR,2,5,r^{rent},optimized_task_config_292,True
13.576062091503267,208.60023880932545,331.0,2.5098039215686274,0.4897774893118676,416.9,3,p^{select},VFR,1,2,r^{size},optimized_task_config_84,True
6.875686274509803,139.07212964885298,205.0,4.254901960784314,0.7269761878873546,216.4,3,p^{select},FIFO,3,2,r^{size},optimized_task_config_150,True
16.4678373015873,215.94791365937576,206.0,1.880952380952381,0.3821757056771327,420.4,3,p^{select},VFA,1,1,r^{size},ver2_nofilter_multilist(1.2_k1)_housetype_priority_8t_6h(step_num(t1_h1))_p#housetype_choose1,True
11.853006535947712,184.63443322653688,263.0,3.647058823529412,0.5173937376653215,399.4,3,p^{select},FIFO,3,5,r^{size},optimized_task_config_29,True
15.089330065359476,268.1624986201888,414.5,3.5686274509803924,0.5130691397623334,403.75,3,p^{family},VFA,2,2,r^{size},ver1_nofilter_multilist(1.2)_multilist_priority_8t_6h_p#housetype,True
21.87166666666667,189.9733222222222,6.0,1.8333333333333333,0.1930272108843538,78.4,3,p^{select},FIFO,2,2,r^{size},optimized_task_config_185,True
12.165187908496732,194.3905058652656,256.0,6.254901960784314,0.5064680683480539,405.9500000000001,3,p^{random},FIFO,2,2,r^{random},ver1_nofilter_singlelist_2t_6h(step_num(t1_h1))_p#singlelist,True
17.3655,305.366241,3.0,1.4,0.4271662763466042,42.7,3,p^{select},VFA,5,2,r^{size},optimized_task_config_98,True
15.8244708994709,222.95128025583688,238.3333333333333,1.869614512471655,0.4025515758003102,430.7666666666667,3,p^{select},FIFO,1,5,r^{size},ver2_nofilter_multilist(2.1_k1)_housetype_priority_8t_6h(step_num(t1_h1))_p#housetype_choose5,True
12.999274509803922,221.38958276560297,277.0,2.9019607843137254,0.4765132337062544,432.2000000000001,3,p^{select},FIFO,2,4,r^{size},optimized_task_config_108,True
9.466911764705882,185.86112876617963,322.0,4.137254901960785,0.6502642096510287,292.4,4,p^{family},FIFO,5,3,r^{random},optimized_task_config_177,True
17.063432539682537,225.27661164651047,226.5,1.75,0.3796628722227272,422.7000000000001,3,p^{select},VFA,2,3,r^{size},ver2_nofilter_multilist(3_k2)_housetype_priority_8t_6h(step_num(t1_h1))_p#housetype_choose3,True
7.413415032679739,144.65561395029692,164.0,6.15686274509804,0.6809882652869943,261.5,3,p^{select},VFA,1,2,r^{size},optimized_task_config_183,True
12.540784313725489,202.6817041506472,233.0,5.921568627450981,0.4833222005883775,413.9,3,p^{select},VFR,2,2,r^{size},optimized_task_config_67,True
16.318300264550263,200.2195398459152,226.3333333333333,1.8412698412698407,0.3737949106777649,427.23333333333335,3,p^{select},FIFO,4,4,r^{size},ver2_nofilter_multilist(2.1_k4)_housetype_priority_8t_6h(step_num(t1_h1))_p#housetype_choose4,True
18.71086111111111,171.40702955941364,97.0,1.5333333333333334,0.238781874885342,363.4,3,p^{select},FIFO,2,5,r^{size},optimized_task_config_297,True
14.04495098039216,245.22216492107736,405.5,3.7058823529411766,0.5202706353600864,400.1,5,p^{family},VFA,2,2,r^{size},ver1_nofilter_multilist(1.2)_portion5(f_member_num)_priority_8t_6h_p#portion_housesize,True
12.444836601307188,186.5575000878401,255.0,2.2058823529411766,0.4856491491667749,420.85,3,p^{select},VFA,2,2,r^{size},batch_t20_h20,True
12.306830065359478,180.97651309966247,288.0,3.901960784313725,0.5017838425218053,407.8,3,p^{select},FIFO,2,4,r^{size},optimized_task_config_81,True
21.29611111111112,188.2906450617284,3.0,2.0,0.2331433998100665,70.19999999999999,3,p^{select},VFA,2,3,r^{size},optimized_task_config_122,True
12.677745098039216,203.59176185441493,283.0,3.5294117647058822,0.5009041762528286,414.2,3,p^{select},FIFO,3,5,r^{size},optimized_task_config_33,True
12.019166666666663,191.9522116285403,312.0,3.392156862745098,0.5222649807586586,395.9,3,p^{select},FIFO,2,3,r^{size},optimized_task_config_329,True
